{"loss": [1.1631790399551392, 0.36288803815841675, 0.2090209275484085, 0.14681454002857208, 0.11524555832147598, 0.08975739777088165, 0.06961847841739655, 0.06280022859573364, 0.055362120270729065, 0.04787076637148857], "accuracy": [0.6585816740989685, 0.884316086769104, 0.9316452145576477, 0.9514474868774414, 0.9621025919914246, 0.9698556065559387, 0.9769542813301086, 0.9795433282852173, 0.9812077879905701, 0.9840813875198364], "val_loss": [0.44941088557243347, 0.23036834597587585, 0.22728097438812256, 0.15712639689445496, 0.12307844310998917, 0.11123233288526535, 0.1867736279964447, 0.1278148591518402, 0.1234164759516716, 0.13920021057128906], "val_accuracy": [0.857955813407898, 0.9270430207252502, 0.926701545715332, 0.9486114382743835, 0.9613020420074463, 0.9644889831542969, 0.946790337562561, 0.9588549733161926, 0.9635784029960632, 0.9586842656135559]}